Species;Macroclimate;BIO1;BIO2;BIO3;BIO4;BIO5;BIO6;BIO7;BIO8;BIO9;BIO10;BIO11;BIO12;BIO13;BIO14;BIO15;BIO16;BIO17;BIO18;BIO19;"""bio20"""
acerifolia;Warm Temperate;149.2686575;130.4774638;36.08572125;7936.611389;325.2269275;-30.864455;356.091385;147.0578725;43.8321925;248.7885775;43.8321925;1311.977946;155.1922663;70.9411;19.9492625;406.8263788;265.0611875;299.4535275;265.0611875;141.7651913
acuta;Warm Temperate;137.376013;84.17822798;27.46530394;7588.018201;289.9048262;-11.78705163;301.6918768;215.0660518;47.67255288;234.9700068;40.90748212;1848.061883;270.5191125;65.28308327;44.07746423;705.3811844;218.6151236;656.0048589;224.7508908;486.7660608
acutifolia;Winter-dry temperate to Tropical;187.7652551;140.6917424;66.05505714;1868.642865;290.7112726;79.49716771;211.2141045;199.5091486;172.7706865;208.9526224;161.369615;1147.519186;245.3223446;13.26534171;91.23095136;648.2167603;48.21556793;339.7174759;66.18741929;600.0011924
acutissima;Warm Temperate;141.8562646;92.78402895;31.52005013;7313.430731;286.0755355;-13.65745461;299.7329903;220.2886029;53.60071013;232.7586328;45.69780737;1528.64336;260.4328436;42.80281421;61.00000974;682.1097845;145.9722397;635.8678875;158.3358239;536.1375448
afares;Mediterranean;154.411424;112.227198;37.924809;6259.063886;321.392385;29.702273;291.690116;91.56861;234.597314;238.054778;78.078531;750.57607;118.700924;5.053568;57.499923;328.487235;35.166106;53.712839;322.290331;293.321129
affinis;Winter-dry temperate to Tropical;174.0569367;135.7832127;63.60161237;2245.1002;278.0321741;66.32126958;211.7109041;187.9948675;151.8649197;199.3715131;142.7717361;1176.035016;242.5539438;22.39704729;77.30346127;589.4673891;77.6062428;323.1956488;102.641295;511.8611463
agrifolia;Mediterranean;144.6886027;130.165018;52.81163225;4185.052257;281.2983316;35.01096583;246.2873655;96.65840523;193.4863223;199.9215033;94.39516674;645.8165371;131.9896445;1.394238349;87.30174803;347.9824833;9.218571606;16.95821867;342.1065266;338.7639117
alba;Cold Temperate;121.66367;117.1513307;32.31241068;8696.002357;300.7837292;-62.63884315;363.4225719;195.5154153;27.70180589;229.329199;4.770378904;1054.924905;122.8514497;52.32861151;25.38715027;337.977443;183.5980734;308.7651736;200.9476696;154.3793696
aliena;Warm Temperate;141.3875113;95.26838697;31.17915487;7599.040512;289.9800759;-18.61909039;308.5991661;221.400898;48.05884316;235.6251118;40.28739013;1260.32043;229.1860888;31.34843934;67.6625525;597.0588091;108.6308796;560.1959597;114.2610372;488.4279295
argyrotricha;Warm Temperate;162.827926;81.670058;30.052722;6657.959692;293.921896;23.869878;270.052018;218.718298;79.062194;242.509874;71.258084;1305.137874;226.860706;28.148018;64.754352;629.75834;100.019212;551.210084;112.535226;529.739128
arizonica;Arid;147.8410452;162.6819099;49.4513335;6046.318148;317.2343956;-9.710020437;326.9444156;216.6198162;168.7186639;225.5926299;72.37608224;584.1683949;134.3742599;7.805140219;76.79323617;319.2893043;38.44858257;279.9328045;118.7607138;280.8407217
arkansana ;Warm Temperate;177.1491251;128.603899;39.93296275;7032.404616;330.8110073;11.67788235;319.1331247;151.0411782;209.7742771;264.2446539;83.53825882;1405.169372;157.3783873;79.1623998;18.94438765;428.1808698;274.4372455;351.4615188;374.848052;153.7436243
austrina;Warm Temperate;186.6325915;127.8821469;42.77120042;6299.988145;326.9772017;30.39616375;296.5810379;226.9580044;162.6592121;263.8828142;102.554445;1314.600274;165.9026756;65.0303025;27.89836146;453.3410948;228.1051117;440.1707798;310.0632325;225.2359831
baloot;Mediterranean;109.03452;109.2747917;32.06973955;7982.706878;276.8841579;-58.0442903;334.9284482;79.65784742;108.7958495;208.6051038;2.037291212;681.7911729;121.9468852;16.16897379;60.20634909;314.4753494;69.45174409;140.6496011;175.0742333;245.0236053
benthamii;Winter-dry temperate to Tropical;177.4738334;105.5126232;75.82094368;836.4650579;246.3824761;107.3528384;139.0296389;180.2452926;170.6435529;186.4743961;165.3443524;2444.698529;419.4259026;37.07259711;67.37628316;1057.343188;138.0590237;633.6943255;333.3713311;919.2841643
berberidifolia;Mediterranean;143.5259302;140.3623672;49.70699498;5041.724303;304.2324992;22.90622871;281.3262703;87.96973731;206.0384911;211.6862304;85.19785435;683.0094945;133.5200887;1.760248229;85.55859162;361.5140536;12.53505827;19.89154111;353.4580094;348.9789953
bicolor;Cold Temperate;104.3819065;115.4927716;30.29482044;9180.987973;292.59946;-83.18625473;375.7857144;178.6664356;6.804672308;219.0419316;-18.46900692;1014.789417;108.1838856;59.28947802;18.16816571;302.9894713;195.5630564;285.9425564;203.4275444;107.4264149
boissierii ;Mediterranean;171.989109;106.0767279;40.83102333;5789.248504;308.9127219;48.48551857;260.4272024;103.3885662;239.2941795;240.6052719;95.83903381;587.6947512;139.7753605;0.28714619;103.6446945;368.0864876;1.502881905;2.452300238;358.1592352;366.5836057
buckleyi ;Warm Temperate;175.9354417;135.6504194;37.75616313;7698.563778;347.9814744;-7.198133125;355.1796065;222.7613854;82.67097583;271.6674935;72.98678521;786.8294302;111.4427929;34.41356521;36.78512229;274.647611;120.7704525;203.8718033;123.3704152;153.8771585
calophylla;Winter-dry temperate to Tropical;182.4736705;138.087421;66.21278763;1819.908545;284.0703376;76.87528525;207.195052;193.5706284;172.1750228;203.5212651;157.0684851;1281.422163;268.761981;14.19969288;92.1291675;726.3141725;52.71711563;378.9871485;85.5754005;673.5970569
canariensis;Mediterranean;148.8618747;101.9817824;37.77080143;5556.16285;298.2983184;152.1486057;128.1864045;199.8263139;149.1426765;207.7656984;81.58502612;730.6744424;108.7647582;11.22693571;53.86264184;298.4630292;54.50868857;67.2945598;271.1548365;243.9543406
canbyi;Arid;178.395565;143.7199971;52.38985714;4771.425107;309.7790786;32.72332643;277.0557507;223.5316943;124.4148086;234.1283986;112.9308543;523.8655857;94.36643429;15.31518357;63.64314071;235.3215079;55.56825214;203.3026879;58.90594643;179.7532558
castanea ;Winter-dry temperate to Tropical;181.3397735;146.1719381;66.49797984;1892.041898;288.7030837;69.39452775;219.308556;193.9849526;170.119558;203.0461091;154.6086351;1042.998237;230.2416858;7.980126524;95.97368417;607.2914092;31.9965116;336.9969174;52.43552824;575.2948976
cerris;Mediterranean;106.4059384;93.1527544;31.5723624;6978.012112;262.4561213;-27.53032133;289.9864437;130.3019681;95.948614;194.7008515;16.10375067;812.100964;106.8945539;36.20761413;34.1948004;296.9069261;124.120938;206.2706264;199.9169323;172.7859881
chapmanii ;Warm Temperate;211.4018425;116.6854055;46.22742075;4979.07997;326.2077998;75.468485;250.7393153;269.7061323;168.6771145;270.6378963;144.2897283;1337.327961;188.7274793;57.909782;41.034189;529.1307478;207.5218398;514.5506723;244.3737318;321.608908
chenii;Warm Temperate;166.9395614;82.67264273;27.21362773;7783.86447;316.0455295;12.35994591;303.6855836;225.7597141;76.63304545;263.3158695;63.36794136;1295.531603;221.1738968;34.16338955;57.03407364;573.1973945;125.0931877;507.8071777;143.7495491;448.1042068
chrysolepis;Mediterranean;120.0544637;142.5087962;47.56713735;5616.539835;292.5065783;-6.313830257;298.8204087;71.33717525;184.4750514;195.0477825;54.67584396;909.5598596;169.3417103;4.106849941;78.37125568;460.6478292;25.62458937;48.79254939;442.9762458;435.0232398
coccifera;Mediterranean;155.3129298;108.8064707;39.48710017;5546.783972;308.3122441;36.11567672;272.1965676;109.3623819;222.4307938;229.8168267;87.85930466;578.145905;89.85827293;5.309612241;58.09399;250.1306605;30.14654466;37.47594;230.567716;219.9841158
coccinea;Cold Temperate;133.9147486;125.5007768;35.40004716;8204.518325;307.8591215;-44.43347216;352.2925941;132.0471363;136.0942259;236.0185889;23.91611041;1241.326938;135.0996116;73.27663399;16.96714912;370.0629944;249.6066079;311.280663;307.5469504;120.4563865
corrugata;Winter-dry temperate to Tropical;197.2950933;101.9922109;74.78765121;882.7347842;265.9562985;129.9001621;136.056137;199.5914688;193.7986764;207.2301567;184.9479245;2554.26191;421.3030239;40.10902;63.68466758;1096.798926;150.2590058;524.9869091;429.0151645;946.5399202
costaricensis ;Cold Temperate;113.6516233;83.22554776;77.42021367;616.7916796;166.5081494;59.6506502;106.8574984;115.7991043;108.2987788;119.4331106;104.311608;2694.654859;422.3713692;45.46959918;58.31224571;1106.27769;164.1723408;789.7173455;320.2508869;942.1053492
crassifolia;Winter-dry temperate to Tropical;159.2295258;152.5888488;63.49493279;2842.497699;278.254806;35.95071369;242.3040918;185.6211038;147.424131;192.7539778;120.9611625;959.1533735;213.1721169;11.20979328;90.71552869;549.717223;46.13099328;388.5829657;87.97269836;503.5862297
crassipes;Winter-dry temperate to Tropical;155.6537319;154.171895;67.05628594;1956.319993;266.5819033;38.2228;228.3591027;168.43118;139.7720072;178.0409926;128.1888387;881.6931888;186.8585221;7.879837826;90.96619051;510.7499154;30.60179594;272.4077393;41.5112979;480.1481195
crispipilis ;Winter-dry temperate to Tropical;163.2283058;126.5496758;73.21171333;1116.546999;246.5032692;74.89394167;171.6093292;171.2608142;148.8638742;174.8605167;146.7836842;1308.960737;246.7013475;16.33753917;78.56486583;629.9756167;60.7128775;438.1850383;66.70595833;569.2627392
dalechampii;Cold Temperate;83.04259065;96.52913806;31.5183129;7215.774172;242.9249035;-58.31625129;301.2411574;143.7645206;33.91479032;173.8562742;-11.43465387;810.2813723;108.3014858;34.25102677;35.14153774;304.6757548;116.9200677;276.3959197;146.8055935;187.7556871
dentata;Cold Temperate;131.3788743;94.67371431;33.04981052;7263.278218;275.2806545;-23.90940034;299.1900553;217.1300486;46.97540172;220.9718819;35.72499017;1533.909989;277.9093945;36.35236776;67.46166328;734.9420519;123.8045795;718.0266348;139.5759152;611.1374724
depressa;Winter-dry temperate to Tropical;152.6586548;143.5872439;65.14667636;2299.889935;259.9398518;40.17923333;219.7606188;168.4820664;131.7008936;178.7639515;120.5773697;901.3260439;181.6737812;18.0727897;71.66045121;446.6169764;64.18646818;251.0397076;85.4004197;382.4305082
dolicholepis;Winter-dry temperate to Tropical;132.51758;107.3975686;39.36385714;5913.55039;258.3077336;-16.99884786;275.3065821;200.2494457;52.69720071;203.9780521;51.70579714;926.9141193;184.7282164;8.681895714;81.44823786;497.8515793;32.63596857;493.2617929;32.81669714;465.2156107
durifolia;Arid;149.6603948;163.5329914;57.77781247;4151.16337;288.9226713;6.350952581;282.571718;192.9900254;138.2567911;199.6282508;95.08751022;752.5010705;190.8573698;8.664122366;94.49131968;467.8788482;39.79725269;405.4249098;96.83441828;428.0815955
elliptica;Winter-dry temperate to Tropical;205.87;133.48;67.52;1686.71;301.68;104.81;196.87;216.43;196.14;225.07;182.2;1596.73;331.06;17.01;92.53;888.28;62.33;462.99;102.04;825.95
emoryi;Arid;150.8468237;160.2112311;47.16912725;6533.440267;326.2034467;-9.559840092;335.7632871;223.8632766;178.4996725;235.7146932;69.9066322;506.2327436;103.6841191;7.488049725;68.21850211;244.3537846;36.74395936;208.848546;122.4545827;207.6098252
engleriana;Warm Temperate;146.9928553;89.28459033;32.721543;6545.779321;277.0049217;2.789780333;274.215142;209.297477;67.047956;226.3329443;58.21363167;1294.884702;235.6048877;24.69173333;69.239597;637.2431527;86.00837167;581.0838537;98.871712;551.234781
fabri;Warm Temperate;162.7331247;85.22728617;27.79346766;7827.952034;312.889394;6.988868298;305.900527;239.823157;73.89072511;259.1104249;57.86012681;1196.627183;210.9009634;28.41310298;62.95493;556.0451006;102.269797;506.9511943;115.3492811;453.7753036
faginea;Mediterranean;130.408053;104.7761102;37.6882743;5836.57389;287.0691663;13.12168802;273.9474774;102.2499219;179.7290712;208.3615944;59.72529779;627.7046151;81.81223942;18.2848907;39.41510709;223.905716;77.1640114;88.40630105;188.4160553;146.7417046
falcata;Warm Temperate;170.8939661;127.3444578;37.29112512;7578.286802;335.7254722;-4.946847073;340.6723178;219.0033683;99.93993415;264.8818263;69.30396317;1167.124494;149.7239298;56.48040244;28.39407951;387.5306468;198.8055873;322.3511712;229.271792;188.7250595
frainetto;Mediterranean;110.8238432;96.77273652;32.62983045;6897.260496;269.4715158;-22.79885985;292.2703755;97.34469258;139.8535623;198.2806502;22.10025061;737.8744945;98.6568103;30.18885682;33.74181636;268.5306314;106.2083736;144.9258586;215.3332048;162.3222578
fusiformis;Arid;197.5268292;139.9704868;49.4499216;5196.358257;333.9676218;45.6875464;288.2800748;238.8792128;134.979893;258.954782;126.4117442;629.6404836;119.829819;18.4584882;61.5793408;266.9867396;67.0917154;215.835954;69.1441916;199.8950242
garryana;Mediterranean;116.571846;144.3643836;49.04727551;5316.110237;289.5427905;-4.193617592;293.7364074;57.6684098;185.2003447;187.0031018;54.23620367;1084.544508;203.7130632;3.610131224;80.07675253;556.8241926;25.41761841;33.45334155;542.7323324;531.4065742
geminata;Warm Temperate;204.6271508;122.9216932;46.08678703;5342.968193;328.0351789;61.57690622;266.4582732;264.1415832;170.7492781;268.8795227;132.7251838;1367.106964;184.6692389;62.73800622;36.3975127;509.5589849;219.8842081;500.3035651;272.1073965;289.6747768
germana;Winter-dry temperate to Tropical;199.7670019;128.396285;59.00352135;2908.668519;302.7591071;86.20884231;216.5502646;223.3688571;167.0075165;230.5597463;158.7171702;1397.982392;287.1729142;29.85348288;77.557385;707.8933802;98.63794019;483.3043712;108.738006;609.25544
gilva;Warm Temperate;170.3471462;73.34313474;33.90987263;5288.062816;279.3026958;56.79294816;222.5097462;221.0063711;116.2332538;235.1700522;101.1229203;2517.036886;397.4814924;85.70335724;49.80667974;1047.161665;282.6157936;935.8141324;332.9737532;764.5458714
glabrescens;Winter-dry temperate to Tropical;161.2042451;142.1122457;68.2637619;1685.304061;263.1872356;56.05597253;207.1312633;170.0737948;144.0002743;180.8869082;137.7342114;1123.377004;224.6325703;15.2217381;84.32898468;601.5310576;55.03275278;279.7546029;75.49947696;546.4983048
glauca;Winter-dry temperate to Tropical;165.8775016;90.38004558;40.04776581;5108.940478;271.5737995;39.32199209;232.2518074;218.7300919;106.6175002;226.1789879;96.50418302;1788.384792;371.9238558;28.34030047;78.01266372;970.1389684;103.1149051;930.182466;117.650504;867.0240633
greggii;Arid;141.9429879;146.3299263;64.73663292;2528.754847;251.8799226;26.53663817;225.343285;162.3843258;114.7717379;170.1677016;106.0522314;627.5988138;115.368766;16.22483217;63.3350835;283.9430396;58.36532425;223.7085386;63.75450833;225.5777154
griffithii;Winter-dry temperate to Tropical;148.6405619;104.3690686;43.16613695;4976.197539;250.7494737;7.525630508;243.2238434;202.9940397;81.59106441;205.5692369;79.12110847;1300.215179;266.3655015;13.56643661;81.37711;718.4998839;54.13158051;690.3193695;56.32508576;664.3683034
grisea;Arid;131.8549448;168.0482481;48.50563375;6458.911626;311.2026789;-32.56344;343.7661206;203.4393803;154.7964852;215.5034255;51.28385469;519.2090616;102.2492106;9.167733438;64.76842688;247.4644227;41.77418125;212.4710792;117.8289336;205.6902415
gulielmitreleasei;Winter-dry temperate to Tropical;174.8723907;93.29360069;79.08559793;577.6000448;234.7672707;117.5951431;117.1721269;174.3803734;172.458079;181.4685466;166.8456862;2725.639471;442.0194017;40.6972131;61.13114621;1142.345399;153.4679045;613.5157752;450.8796393;988.8774945
hemisphaerica;Warm Temperate;192.6610136;126.5147889;43.48458318;6087.850084;328.9236118;39.498265;289.4253466;211.8090175;177.2562586;266.8102507;111.2022716;1378.751954;174.147822;67.67206409;28.9382325;475.7883807;240.6834459;446.6343902;327.5578023;235.1049348
hintoniorum ;Arid;127.6;143.1333333;66.31333333;2556.8;230.9333333;15.23333333;215.7333333;150.3;110.7666667;154.9666667;93.26666667;606;100.3333333;17.66666667;61.04666667;280;64.33333333;243.3333333;72.33333333;215.6666667
humboldtii;Winter-dry temperate to Tropical;163.3885625;95.14519036;86.51033179;303.3193289;218.5963032;109.1400093;109.4562932;161.1226725;163.2008546;166.6378754;159.2385304;2083.788157;276.7836764;76.37799536;36.30357321;718.0157475;278.6443168;527.8658996;591.15841;439.3714307
hypoxantha;Arid;16.49045455;14.90454545;63.31909091;338.2481818;27.90227273;3.888181818;24.01454545;19.49272727;14.12227273;20.18409091;11.96;576.0909091;108.1363636;11.04545455;68.72818182;295.6818182;42.40909091;199.3181818;54.77272727;253.2727273
ilex;Mediterranean;139.9770831;84.63684867;33.12678356;5971.276357;277.6713911;26.06053978;251.610852;120.4996462;178.5141044;217.3007422;65.76794444;721.6116411;100.4991696;26.85300889;43.796278;271.7787996;97.15522089;130.6074796;215.1019358;174.6235787
infectoria ;Mediterranean;138.68376;109.5175453;33.44888842;7723.40649;316.3858263;-9.733277368;326.1191047;65.98966737;234.8254616;236.3248516;39.53542211;586.6060668;106.3891874;6.076107368;68.47962421;283.5376305;24.75358474;31.04117211;266.0392389;258.7840458
insignis;Winter-dry temperate to Tropical;199.7471181;101.3252624;73.12495286;936.9077157;269.2609274;131.18721;138.0737176;202.5897188;196.8315564;210.2406167;186.6145833;2227.61147;377.7679371;29.71499143;63.33785643;960.0622164;116.4463207;509.0856602;334.6126657;843.6158957
ithaburensis;Mediterranean;181.5959956;102.4947286;40.01187704;5675.983586;313.4763494;60.52279521;252.9535539;114.5533786;248.7127011;250.4876761;108.3554727;591.798297;142.9677624;1.064435775;101.6023661;369.1677549;5.041988732;6.722128732;352.1006914;364.1257662
lanata;Winter-dry temperate to Tropical;146.6646832;107.9145584;46.3367628;4495.811383;251.3063444;13.2218728;238.0844716;192.4338668;95.7830352;197.6177664;83.6359104;1520.831315;338.9161004;8.547982;92.285378;890.0258152;50.3848496;751.1852412;72.9687756;839.6409656
lancifolia;Winter-dry temperate to Tropical;192.6151039;115.6024223;72.51710129;1127.956199;270.0618676;110.8296239;159.2322439;198.3516951;183.4168326;204.6774511;176.2221066;2048.348491;359.1555519;26.08696329;73.41538;934.13707;96.11372886;542.1783269;188.2697284;838.0233411
laurifolia;Warm Temperate;212.353256;120.8230521;48.15872041;4814.491913;327.2165903;77.13130342;250.0852868;268.6600358;173.1126052;269.417156;147.1859097;1310.654933;197.0828197;52.50304932;46.19749699;543.7434558;187.2942896;527.504723;227.2143399;356.4491662
laurina;Winter-dry temperate to Tropical;163.4683134;138.0258713;66.47986622;1927.577259;264.1574028;56.81880983;207.3385922;176.6340109;146.0792956;185.0589332;136.2837772;1100.354405;230.8766873;10.98364269;87.54433924;604.1186036;41.79234849;338.4466204;57.27566336;562.3262551
leucotrichophora;Winter-dry temperate to Tropical;160.4261962;102.4822171;40.36837762;5078.681811;281.4792338;28.40050238;253.0787329;204.821609;113.2566124;216.1031571;88.25626095;1688.484446;442.3952357;8.470197619;97.60418048;1092.723563;67.65978333;831.6159305;107.2134681;1025.06378
libani;Mediterranean;115.8715874;106.316449;32.66021161;7561.60289;286.6950697;-32.41426516;319.1093335;42.03292452;202.3391029;209.8507442;17.33558774;713.7089116;140.6696813;4.40962129;79.5082671;381.1740848;16.85284516;22.18990161;359.3161035;364.3212396
lobata;Mediterranean;146.151672;142.8088716;48.56249907;5365.723525;314.5816545;20.60517093;293.9764835;83.08552812;213.7227343;215.6540623;80.77533754;688.5480987;137.8236283;1.494853611;85.44059567;362.1446788;11.06408815;15.40908401;358.3822407;351.0805907
longispica;Winter-dry temperate to Tropical;104.6652115;110.7329477;40.51647538;5781.329711;227.6816869;-46.93580769;274.6174962;168.77999;29.52437769;174.3096762;26.27009692;1018.383069;205.4802862;10.97621615;82.69768231;542.02463;42.47277538;532.4201631;45.93356923;499.5518546
macranthera;Cold Temperate;75.13242;110.1056127;32.69120556;7729.835925;252.1784873;-80.50258578;332.6810742;102.2625162;50.804834;171.2644856;-25.95021133;613.1785922;94.58089222;21.79454111;43.62155356;244.7991102;75.41544422;149.3796424;112.3168782;169.383666
macrocarpa;Cold Temperate;66.90232241;138.66175;32.58592167;9662.368145;287.9166224;-132.25154;420.1681626;141.2288148;-52.3471137;192.0201002;-57.20923741;513.4257796;85.92574556;17.27097574;54.21650259;224.3905941;58.694115;182.3825515;66.98782574;165.6964791
margareta;Warm Temperate;168.5579505;134.3077261;37.66084632;7876.807876;342.0639024;-15.97858079;358.0424818;218.5867847;73.29327053;266.6134492;63.30691579;1011.252074;145.8835221;40.40727237;37.19897211;366.6445903;148.0047424;303.636985;167.1239532;218.6398479
marilandica;Warm Temperate;156.954332;131.9534875;34.65866333;8514.19833;341.5966993;-34.61113942;376.2078378;211.8807162;51.32143478;263.738151;43.48500812;968.9400261;132.0087746;39.93379812;34.13871188;332.3905883;143.5950823;260.6867458;145.5360441;188.795506
mexicana;Winter-dry temperate to Tropical;161.4952194;148.832227;63.84006338;2595.931311;274.4682711;41.52944375;232.9388266;181.4738448;133.5718358;190.670069;125.1157428;733.7800159;149.67208;12.93980175;76.09582425;374.5442349;47.41869738;247.7553466;53.63265575;327.1255375
michauxii;Warm Temperate;159.1963087;126.6818086;37.84781;7560.89296;322.6177915;-12.63729859;335.2550896;174.1806173;156.9274503;252.9749963;57.82988268;1274.342845;143.9503927;73.07372366;20.27824803;396.349801;247.1977952;336.2573544;312.0099248;149.1520058
microphylla;Arid;153.3141996;160.18195;66.93201836;2230.352679;268.4892476;30.08034564;238.4089033;170.9142831;129.5351793;178.3474482;121.7864409;646.5448675;134.8777411;7.121264909;85.13424182;358.7907936;28.42596836;225.9755329;37.42747927;330.3648252
miquihuanensis;Arid;176.025;153.275;61.31;3535.125;296;42.95;253.05;200.725;141.725;214.175;128.425;589.25;113;14.75;69.0425;274.75;52.25;207.75;53.75;222.5
mohriana;Arid;165.6432121;152.1694157;41.28992357;7655.885425;344.14517;-22.37366571;366.5188348;235.472026;87.49435;261.6547786;64.46993452;537.6554605;86.9807869;17.00207881;54.24533762;214.66096;63.64160667;181.5543014;66.4765531;151.0193533
mongolica;Cold Temperate;106.3656712;97.99883879;28.29238879;9040.139215;274.6818739;-78.01402818;352.6959027;211.5542115;-7.825885758;217.8400052;-15.01419879;1101.776561;212.5035852;25.39495273;77.93415212;549.939967;89.34768576;518.0510152;96.65617394;460.5922812
monimotricha;Winter-dry temperate to Tropical;124.5716632;111.5884568;43.04530032;5319.303444;237.8586813;-22.96415323;260.8228342;185.6359529;51.4679271;186.6056487;50.86109258;961.7565706;217.9164145;5.698092258;91.9249171;566.5374035;25.0327071;558.8463365;25.29530161;541.5046964
montana;Cold Temperate;120.47;118.42;33.09;8436.66;297.92;-54.89;352.81;205.12;25.61;226.9;8.74;1064.6;107.34;72.22;11.86;301.46;229.9;294.92;234.06;71.56
morii;Winter-dry temperate to Tropical;140.8888279;74.44850621;45.33752091;3280.547716;213.9821918;49.78481379;164.1973792;174.7782282;112.7305753;176.9878068;95.55808909;2998.420192;519.7783386;67.85768606;62.40397455;1392.454812;231.4665909;1318.727278;302.2669359;1160.988221
muehlenbergii;Cold Temperate;152.3632468;132.27699;34.53299882;8601.716494;338.2836043;-40.23623908;378.5198421;202.5245455;50.21971776;260.1126212;37.52511934;959.5713907;130.3902055;39.5332925;34.67614211;328.3390559;141.6792116;258.1528833;149.4846064;186.6598443
myrsinifolia;Warm Temperate;139.1317356;88.69006441;28.147055;7713.630344;294.6399032;-16.49904529;311.1389474;225.28713;45.67137647;237.8918285;40.67438618;1572.829461;238.2442944;48.41173647;48.24344765;635.3299479;166.6296385;578.7479218;170.4710044;468.7003094
myrtifolia;Warm Temperate;212.1899811;120.5759108;47.33228579;4916.182376;328.4280089;75.01713474;253.4108739;270.0323313;170.8019042;270.6953279;145.7281842;1297.935539;189.3159632;54.06131474;44.04733921;529.4778174;190.5852568;515.9260611;229.007565;338.8925606
nigra;Warm Temperate;199.792113;122.7757381;44.82626663;5671.006454;329.9357771;51.87017122;278.0656051;252.0497921;149.1399793;268.0942624;123.236861;1250.758524;183.0341172;52.16421031;42.07885163;503.1197162;185.7394509;472.6014898;219.7268568;317.3802653
oblongifolia ;Arid;163.6959397;160.1821556;48.67442167;6161.782643;331.5988583;5.280855303;326.3180033;235.8965373;185.4991811;242.7065344;86.76665167;524.4783942;128.7541585;6.020359091;80.59079667;294.201373;31.83539152;259.0696415;106.6522726;262.3659815
obtusata ;Winter-dry temperate to Tropical;180.2628592;146.136332;65.7858398;2073.260272;287.815174;66.53401051;221.2811639;195.3895109;165.9535681;203.7542848;151.0639409;972.0271781;215.7873982;7.42265398;95.24676898;582.5123249;30.70885704;339.3014865;53.22078837;551.8034679
ocoteifolia ;Winter-dry temperate to Tropical;169.4394121;118.6836791;71.45756302;1189.648757;248.3206343;83.15675038;165.1638828;177.3520917;156.5538562;181.8607021;152.04101;1545.669571;294.4591455;17.84116491;81.36932585;737.8315572;63.48889811;517.5871932;96.41209189;674.3426591
oglethorpensis;Warm Temperate;168.24763;134.0624645;40.47332545;7134.612262;328.5128718;1.654878636;326.8579932;100.3601473;188.0437123;257.5588486;73.45340773;1272.533937;136.2539405;75.40512409;17.34812773;379.7680864;245.9088045;316.1504141;356.0460936;133.8592819
oleoides;Winter-dry temperate to Tropical;187.435895;91.82177;74.891205;681.491005;251.24145;129.25189;121.989555;187.001115;187.28689;195.755895;178.47479;2244.832995;366.48198;25.10567;70.09777;991.359095;105.314005;489.92777;416.162105;886.04509
pacifica;Mediterranean;154.9347573;85.009415;51.32638909;2859.83971;241.6890868;77.68617727;164.0029086;129.5859145;184.4109273;194.9632791;124.4394514;348.7876532;72.52858273;0;94.37591636;202.4841559;2.384321364;5.552154091;178.4585186;200.0998345
pagoda;Warm Temperate;154.6506833;125.7431637;35.59879674;8109.901454;326.7870781;-24.36656605;351.1536437;138.0747079;185.9132574;255.3966284;45.60600047;1279.902462;139.366213;74.89983256;18.48389302;388.6398805;252.4157051;291.8787849;329.304096;136.2241754
palmeri;Arid;137.1193344;162.1593185;48.57695488;6193.798739;318.5966498;-13.00307171;331.5997193;136.9725427;181.5947017;219.8238539;63.44984171;454.3560727;79.06066878;5.622496098;64.39137707;211.5744712;30.66396902;94.42390634;172.5191659;180.9105022
palustris;Cold Temperate;125.6133595;121.116573;31.90364774;8904.52386;312.2429278;-62.64101409;374.8839413;180.2778323;31.98500699;236.9616043;6.429253978;1043.971571;122.4269208;52.30990247;25.03164935;332.3648065;179.2137755;281.4707767;193.8520385;153.151031
peduncularis;Winter-dry temperate to Tropical;212.4334753;131.9875363;69.11390462;1498.409177;305.4328789;205.1333358;131.743327;195.5706891;217.8408804;206.9636226;191.2996316;1438.421359;293.1308414;14.1370333;92.86437896;782.516764;51.1629533;434.4413075;79.60505415;731.3538107
petraea;Cold Temperate;95.0419524;84.25601897;34.01918977;5824.105431;229.4239676;-15.99834252;245.42231;111.7308829;75.42021826;169.3017447;20.32904265;823.428208;92.35043031;47.87659158;20.1758113;258.723405;157.3603326;215.6203749;202.3205823;101.3630724
phillyreoides;Warm Temperate;145.9661421;83.14823836;26.59733313;7821.84828;301.7528206;-3.86317194;305.6042661;225.2714033;49.45540672;246.8106046;46.71752313;1650.186154;246.9392888;53.98762537;47.40488746;639.8865646;182.3088548;610.6501833;184.3376013;457.5777098
pinnativenulosa;Winter-dry temperate to Tropical;197.9191371;135.8457162;58.53876143;3232.96316;308.7708948;77.52829952;231.2425933;224.9949867;160.872441;233.60767;153.0398543;1325.817749;289.6145495;29.74118429;75.44268571;657.8374529;97.54815476;460.176311;102.5766105;560.2892981
polymorpha;Arid;198.1940409;136.2881987;58.54592719;3231.74409;309.945089;76.09987326;233.8452146;222.7478727;161.137183;234.4302298;153.1559373;916.2100539;192.6059769;17.43630449;76.21911303;455.7577011;61.26173112;309.7469629;71.15797371;394.49597
pubescens;Cold Temperate;104.4380306;93.76624375;32.61152516;6774.685512;258.2850506;-26.53252203;284.8175722;134.9679517;92.64547016;190.5619408;16.98660156;760.9954416;98.45490172;34.05554625;32.02204953;271.9663698;121.1801314;202.441557;178.1944631;150.7862384
pyrenaica;Mediterranean;123.6273396;102.0949972;38.70395642;5424.360726;272.9132513;11.84822698;261.0650236;84.3424134;183.478737;196.2111251;57.67176113;767.3692894;104.3840304;23.04771226;41.60900321;289.2391632;90.97123;96.3517917;257.4569787;198.2679332
rehderiana;Winter-dry temperate to Tropical;108.7366153;113.1659953;45.09141842;4918.790892;214.1781726;-35.29399895;249.4721711;166.2362863;42.86339895;166.5506189;41.2665;1006.157651;223.3060916;7.380131053;90.70273895;593.7902295;30.16875421;590.7999079;30.99550947;563.6214753
robur;Cold Temperate;100.0465356;84.62267974;35.15002052;5589.205641;231.7851781;-9.289895974;241.0750727;105.3389217;87.62461494;171.8449651;29.02445818;844.7662856;99.25217935;44.79902442;22.69590727;275.7309932;150.6614427;202.0119962;217.2525318;125.0695505
rubra;Cold Temperate;109.9720734;117.994825;31.12162357;8922.837198;250.7445318;-78.31700464;374.1741473;169.0476255;9.334311607;220.5610282;-9.125790893;1015.683953;121.8525671;52.40398161;23.43603464;316.8067263;179.489355;263.9040316;192.0079863;137.3173713
rugosa;Winter-dry temperate to Tropical;131.9353939;159.0410071;50.13477561;5767.322459;296.2827167;-19.83700347;316.11972;199.0434208;152.0605065;206.408884;60.19245878;626.753641;137.0239312;9.072873776;73.45034143;333.0729163;42.77966735;277.8022111;124.6114047;290.293249
rysophylla;Arid;207.0006992;140.7265487;56.41821231;3680.68364;325.4698936;76.50996667;248.9599285;237.3164256;163.9108144;247.8991205;155.9243649;913.0461646;201.7336223;17.88948;75.12368231;457.2772769;62.41616385;342.1726303;67.45376026;394.8611131
sagraeana;Winter-dry temperate to Tropical;249.01897;100;62.7448;2142.78615;323.05786;165.00086;158.05699;271.33481;218.34239;272.78231;218.34239;1338.88908;229.2057;34.47123;57.9832;535.35762;126.68495;509.58064;126.68495;408.67267
salicifolia;Winter-dry temperate to Tropical;173.7362047;118.7632922;69.81549511;1490.645007;260.4209347;87.51314467;172.9077893;180.6781862;161.9837267;190.5388671;152.8107324;1823.267434;337.874076;29.07341156;72.172382;859.7237787;102.9851244;437.2666847;219.1441656;756.7386543
sapotifolia;Winter-dry temperate to Tropical;210.3997812;111.0269798;67.70469366;1457.273229;292.5644346;128.9993132;163.5651202;218.308989;199.8661934;226.5365493;189.7295861;1791.752933;337.6546641;25.5827361;79.46845146;878.6592107;89.71244415;482.4710434;138.2647863;788.9467666
sartorii;Winter-dry temperate to Tropical;185.9217855;133.263472;60.89540888;2687.491773;290.8299916;73.24320645;217.5867846;205.8681381;157.8500057;215.0897922;148.0791143;1265.510442;264.5882329;26.26343056;77.12087748;636.3967714;89.49337766;400.6474141;101.6136634;546.9033937
schottkyana;Winter-dry temperate to Tropical;146.5885143;106.1500771;43.71764429;4844.21677;250.4856079;8.208539286;242.2770664;200.4661964;80.83319286;202.3679279;79.06732071;1122.368439;242.0502264;12.10171714;86.21287786;643.2778471;43.77657071;629.8347936;45.09006357;599.5012764
sebifera;Arid;175.2261045;148.3400282;67.22652974;1996.624168;281.3574884;61.61800079;219.7394892;189.8990142;150.6014447;197.371095;146.5783132;841.38299;173.4753489;11.04219789;84.61838711;427.8997466;41.55364868;301.9047147;47.775045;386.3460979
seemannii;Winter-dry temperate to Tropical;172.3437648;94.10144275;79.2976005;572.4444515;232.539943;114.573172;117.9667713;172.1801123;170.3634945;178.716612;164.2716425;2862.33206;458.1152563;47.67024975;58.371242;1185.594745;176.2046653;674.1206823;428.548705;1009.39008
semecarpifolia;Winter-dry temperate to Tropical;132.8158289;111.2101072;41.89197065;5201.890998;254.3347459;-11.42192587;265.756672;176.0953607;83.53147804;192.5652535;59.97244913;1331.233646;320.3201535;8.547582391;93.58319304;807.1331213;58.16043152;619.6212998;86.21014478;748.9726898
serrata;Warm Temperate;139.89;88.01;28.35;7742.01;292.75;-15.7;308.45;216.32;47.74;236.38;37.16;1267.8;218;31.54;63.57;575.74;111.36;532.08;124.75;464.38
sessilifolia;Warm Temperate;154.0730078;77.50329567;35.0080195;5515.346716;268.1307228;34.97915667;233.1515663;209.6746968;95.07406167;222.2804933;82.31560817;2711.244581;449.822668;85.54412683;51.840648;1189.654914;283.8235365;1090.807282;317.7736583;905.8313775
shumardii;Cold Temperate;157.7281927;131.8531333;34.44884098;8539.475548;342.4073349;-35.04592294;377.4532559;204.0352724;47.85567216;264.595438;43.44396647;1001.5578;136.1278488;41.36751529;33.20553471;340.3941155;149.0125327;256.0248347;151.3795192;191.3815828
similis;Warm Temperate;180.2292695;124.5793833;38.53402;7110.371638;333.9904533;14.70998733;319.2804655;161.296663;216.2392727;267.8632378;84.63031767;1404.958333;149.7262022;82.74021033;16.934429;408.8390007;276.994431;325.820627;383.2343658;131.8445697
skinneri;Winter-dry temperate to Tropical;199.7128135;109.6764813;70.62253609;1148.338695;275.9903283;121.6446254;153.0458158;206.2189816;193.9771547;213.5006218;185.5045749;1989.019686;359.3287459;22.88224326;76.90456696;924.5087078;84.81251804;497.1157889;173.4670833;839.6961898
stellata;Cold Temperate;157.6454427;134.4126239;34.68325969;8618.575699;345.1815441;-37.29092641;382.4724689;207.7087959;42.90062375;265.7666317;42.63716656;928.9575831;130.3623963;35.87409859;36.26432047;322.9312942;131.0907542;245.6914927;131.1685272;191.84054
stenophylloides;Winter-dry temperate to Tropical;151.4869303;73.35965483;43.97715069;3458.756207;226.8945728;58.87679931;168.0177731;186.7532155;119.1576217;190.1910714;103.9056366;3022.660461;527.6503445;60.58960276;66.62846483;1434.065145;216.2693048;1331.890544;324.1930748;1217.79584
suber;Mediterranean;158.2980971;101.94228;37.90417545;5596.24476;307.6764639;43.19197455;264.4844894;108.301303;230.4078961;232.8107748;90.25842061;626.6324427;94.54651576;6.929878182;57.40947682;262.4350712;38.19939545;46.65078788;242.4003111;224.2356758
texana;Warm Temperate;160.0108387;127.5414752;35.78521522;8064.972823;333.2815913;-21.08886348;354.3704535;169.6861374;127.3421517;260.2366257;51.81699783;1170.603027;137.5861122;62.86188217;24.13685522;369.9358683;216.96377;276.1129978;263.2678561;152.9720983
trojana;Cold Temperate;108.6010182;104.8263309;34.26153409;6892.039645;273.6229641;-27.47843182;301.1013968;38.95211545;194.9663182;196.5913659;20.42909773;822.9272559;124.5315473;23.61937227;47.59276636;334.5683218;84.69906182;91.308705;311.7908445;249.86926
urbanii;Winter-dry temperate to Tropical;162.2896576;149.7306905;62.70895;2715.962466;278.8349832;40.57251146;238.2624722;183.6804166;150.8937141;193.9126698;124.9853866;845.9260188;199.2705634;5.713687561;99.65778756;525.2351349;25.68238902;312.2629922;62.86808195;499.5527459
vaccinifolia;Mediterranean;82.6289563;145.1579335;45.00870696;6363.744115;270.22176;-55.91598457;326.137745;62.19350696;106.0892743;167.3111772;6.640170652;1060.119518;187.1769211;9.022734783;68.33470913;525.4695163;46.4485237;77.24723957;468.2799622;479.0209926
variabilis;Warm Temperate;158.8370378;82.02314831;32.33973169;6487.768089;287.3682976;22.41653864;264.9517581;220.4773837;88.05907102;238.2340354;72.11627559;1712.539451;305.5558061;38.06469;65.3474139;805.3759115;132.5426312;742.917988;174.5054115;672.8332803
vaseyana;Warm Temperate;177.5175517;150.8154267;44.66155833;6702.483665;337.6469675;1.002235833;336.6447308;231.752135;102.2167817;259.65186;87.52908667;488.64888;81.21857833;14.86864;56.7924725;202.2218408;53.7864625;173.2020808;57.01513417;148.4353783
velutina;Cold Temperate;151.7302752;130.8382794;34.1669275;8606.184809;336.8031038;-41.15649615;377.9595988;196.6697906;43.03666346;259.3495633;36.53591635;1010.175022;134.0963498;43.01984096;32.07469654;339.4124881;153.4066306;262.6939187;156.0254562;186.0058575
virgiliana;Cold Temperate;102.6885891;90.77122265;31.23796412;6909.991484;256.5229738;-28.40387529;284.9268476;154.9189141;43.32797588;190.5804762;13.45479588;838.8162065;106.0660103;42.70077265;31.815315;298.9113788;138.4873218;250.155065;170.6477456;160.424057
virginiana;Warm Temperate;197.1089852;123.4836528;42.29276111;6061.785373;335.2342144;43.08243296;292.1517817;248.6442937;149.6777787;270.434887;115.4270374;1119.997358;155.9268185;50.97290352;37.72782593;403.183218;182.0631854;367.2446574;219.1007206;221.1200326
wislizenii;Mediterranean;145.010148;141.8745164;46.5764963;5753.456278;320.7567301;16.3062367;304.4504936;78.4394915;217.555072;220.3200962;75.87366067;798.7609203;156.7078631;1.787039732;83.17750786;412.9483561;14.328337;19.04363584;409.0546435;398.6200191
xalapensis;Winter-dry temperate to Tropical;191.8545018;116.5213678;65.0311516;1833.011574;280.5057132;101.2544886;179.2512254;203.3554324;177.0415116;211.749706;165.9786012;1545.071557;297.7595626;27.6321242;74.7073936;745.035886;97.1797212;442.4111;145.257211;647.8561648
